{
"lengthUnit": "mil",
"components": {
	"fields": ["COMPONENT_NO", "COMPONENT_NAME", "LAYER", "X_COORDINATE", "Y_COORDINATE", "ANGLE"],
	"rows": [
		[1, "BT1", "B", -1480, -795, 90],
		[2, "C1", "T", -1446.09, -1934.9, 180],
		[3, "C2", "T", -1446.09, -1859.9, 0],
		[4, "C3", "T", -1961.09, -2089.9, 180],
		[5, "C4", "T", -1861.09, -2064.9, 270],
		[6, "C5", "T", -1516.09, -2399.9, 0],
		[7, "C6", "T", -1516.09, -2324.9, 0],
		[8, "C7", "T", -1516.09, -2249.9, 0],
		[9, "C8", "T", -1660, 1400, 270],
		[10, "C9", "T", -1887.1, 1530.27, 180],
		[11, "C10", "T", -1355, 1220, 270],
		[12, "C11", "T", -2027.1, 1285.27, 180],
		[13, "C12", "T", -1156.52, -227.37, 0],
		[14, "C13", "T", -1046.52, -122.37, 270],
		[15, "C14", "T", -1230, 820, 270],
		[16, "C15", "T", -1395, 440, 0],
		[17, "C16", "T", -890, 475, 180],
		[18, "C17", "T", -860, 280, 180],
		[19, "C18", "T", -995, -35, 90],
		[20, "C19", "T", -870, 420, 180],
		[21, "C20", "T", -1395, 290, 0],
		[22, "C21", "T", -1070, 635, 270],
		[23, "C22", "T", -940, 525, 0],
		[24, "C23", "T", -940, 570, 0],
		[25, "C24", "T", -1115, 710, 270],
		[26, "C25", "T", -945, -35, 90],
		[27, "H1", "T", -1731.09, -1859.9, 0],
		[28, "H2", "T", -2105, 1555, 90],
		[29, "H3", "T", -1416.52, 877.63, 180],
		[30, "H4", "T", -1650, 420, 90],
		[31, "H5", "T", -950, -285, 0],
		[32, "H6", "T", -970, -405, 0],
		[33, "L1", "T", -1444.24, -2011.2, 180],
		[34, "L2", "T", -1370, 1460, 90],
		[35, "L3", "T", -1700, 1220, 0],
		[36, "LED1", "T", 0, 2000, 0],
		[37, "LED2", "T", 1000, 1732.05, 0],
		[38, "LED3", "T", 1732.05, 1000, 180],
		[39, "LED4", "T", 2000, 0, 180],
		[40, "LED5", "T", 1732.05, -1000, 180],
		[41, "LED6", "T", 1000, -1732.05, 180],
		[42, "LED7", "T", 0, -2000, 180],
		[43, "LED8", "T", -1000, -1732.05, 180],
		[44, "LED9", "T", -1732.05, -1000, 0],
		[45, "LED10", "T", -2000, 0, 0],
		[46, "LED11", "T", -1732.05, 1000, 0],
		[47, "LED12", "T", -1000, 1732.05, 0],
		[48, "LED14", "T", -2027.1, 1205.27, 0],
		[49, "LED15", "T", -1235, 1415, 90],
		[50, "LED16", "T", 1180, -2305, 180],
		[51, "OLED1", "T", 0, -2300, 0],
		[52, "Q1", "T", -1526.09, -2084.9, 270],
		[53, "R1", "T", -1945, 1850, 90],
		[54, "R2", "T", -1765, 1810, 90],
		[55, "R3", "T", 870, -2540, 90],
		[56, "R4", "T", 1065, -2425, 180],
		[57, "R5", "T", 1475, -2600, 270],
		[58, "R6", "T", -1931.09, -1984.9, 270],
		[59, "R7", "T", -1991.09, -1984.9, 270],
		[60, "R8", "T", -1671.09, -2064.9, 0],
		[61, "R9", "T", -1671.09, -1989.9, 180],
		[62, "R10", "T", -1641.09, -2539.9, 0],
		[63, "R11", "T", -1686.09, -2474.9, 0],
		[64, "R12", "T", -960, 680, 90],
		[65, "R13", "T", -920, 680, 90],
		[66, "R14", "T", -1430, 1300, 270],
		[67, "R15", "T", -1490, 1300, 90],
		[68, "R16", "T", -2080, 1855, 180],
		[69, "R17", "T", -1947.1, 1360.27, 180],
		[70, "R18", "T", -1947.1, 1420.27, 0],
		[71, "R19", "T", -1660, 1595, 270],
		[72, "R20", "T", -2089.14, 1716.85, 180],
		[73, "R21", "T", -2079.19, 1786.8, 0],
		[74, "R22", "T", -1650, 1888.48, 180],
		[75, "R23", "T", -1640, 1815, 0],
		[76, "R25", "T", -1400, -260, 270],
		[77, "R26", "T", -1590, 75, 180],
		[78, "R27", "T", -1590, 155, 180],
		[79, "R28", "T", 180, -2185, 0],
		[80, "R29", "T", 20, -2185, 180],
		[81, "R30", "T", -2102.1, 1200.27, 270],
		[82, "R31", "T", -1265, 1270, 0],
		[83, "R32", "T", -1046.52, -32.37, 90],
		[84, "R33", "T", -1310, 795, 0],
		[85, "R34", "T", -1486.52, 787.63, 0],
		[86, "R35", "T", 1215, -2235, 270],
		[87, "SCREW1", "T", -2110, -3115, 0],
		[88, "SCREW2", "T", 2110, 2105, 0],
		[89, "SCREW3", "T", 2110, -3115, 0],
		[90, "SW1", "T", 1185, -2680, 0],
		[91, "U1", "T", -1091.52, 327.63, 0],
		[92, "U4", "T", -1161.52, -122.37, 0],
		[93, "U5", "T", -1366.52, 657.63, 270],
		[94, "U6", "T", -1885, 2065, 180],
		[95, "U7", "T", -1786.09, -2284.9, 180],
		[96, "U8", "T", -1490, 1440, 90],
		[97, "U9", "T", -1925, 1725, 180],
		[98, "U10", "T", -1807.1, 1420.27, 0],
		[99, "U11", "T", -1917.1, 1265.27, 270],
		[100, "U12", "T", -1335, 1340, 0],
		[101, "U13", "T", -1425, -35, 0]
	]
},
"pins": {
	"fields": ["PIN_NO", "PIN_NAME", "PIN_X", "PIN_Y", "LAYER", "PIN_TYPE", "NET_NAME", "NET_TYPE", "PAD_SHAPE", "PAD_SIZEX", "PAD_SIZEY", "HOLE_SIZE", "PAD_ANGLE"],
	"rows": [
		[1, "BT1_1", -1480, -1188.69, "T", "DIP", "GND", "GND", "C", 70.87, 70.87, 47.24, 90],
		[2, "BT1_1", -1480, -1188.69, "B", "DIP", "GND", "GND", "C", 70.87, 70.87, 47.24, 90],
		[3, "BT1_2", -1480, -401.3, "T", "DIP", "$5N278", "", "C", 70.87, 70.87, 47.24, 90],
		[4, "BT1_2", -1480, -401.3, "B", "DIP", "$5N278", "", "C", 70.87, 70.87, 47.24, 90],
		[5, "C1_1", -1418.53, -1934.9, "T", "SMD", "$4N387", "", "R", 31.5, 35.43, 0, 180],
		[6, "C1_2", -1473.65, -1934.9, "T", "SMD", "GND", "GND", "R", 31.5, 35.43, 0, 180],
		[7, "C2_1", -1473.65, -1859.9, "T", "SMD", "$4N387", "", "R", 31.5, 35.43, 0, 0],
		[8, "C2_2", -1418.53, -1859.9, "T", "SMD", "GND", "GND", "R", 31.5, 35.43, 0, 0],
		[9, "C3_1", -1933.53, -2089.9, "T", "SMD", "$4N513", "", "R", 31.5, 35.43, 0, 180],
		[10, "C3_2", -1988.65, -2089.9, "T", "SMD", "$4N509", "", "R", 31.5, 35.43, 0, 180],
		[11, "C4_1", -1861.09, -2037.34, "T", "SMD", "GND", "GND", "R", 31.5, 35.43, 0, 270],
		[12, "C4_2", -1861.09, -2092.46, "T", "SMD", "$4N666", "", "R", 31.5, 35.43, 0, 270],
		[13, "C5_1", -1543.65, -2399.9, "T", "SMD", "GND", "GND", "R", 31.5, 35.43, 0, 0],
		[14, "C5_2", -1488.53, -2399.9, "T", "SMD", "3V3", "", "R", 31.5, 35.43, 0, 0],
		[15, "C6_1", -1543.65, -2324.9, "T", "SMD", "GND", "GND", "R", 31.5, 35.43, 0, 0],
		[16, "C6_2", -1488.53, -2324.9, "T", "SMD", "3V3", "", "R", 31.5, 35.43, 0, 0],
		[17, "C7_1", -1543.65, -2249.9, "T", "SMD", "GND", "GND", "R", 31.5, 35.43, 0, 0],
		[18, "C7_2", -1488.53, -2249.9, "T", "SMD", "3V3", "", "R", 31.5, 35.43, 0, 0],
		[19, "C8_1", -1660, 1427.56, "T", "SMD", "VSRC", "", "R", 31.5, 35.43, 0, 270],
		[20, "C8_2", -1660, 1372.44, "T", "SMD", "GND", "GND", "R", 31.5, 35.43, 0, 270],
		[21, "C9_1", -1859.54, 1530.27, "T", "SMD", "VSRC", "", "R", 31.5, 35.43, 0, 180],
		[22, "C9_2", -1914.66, 1530.27, "T", "SMD", "GND", "GND", "R", 31.5, 35.43, 0, 180],
		[23, "C10_1", -1355, 1259.37, "T", "SMD", "3V3", "", "R", 55.51, 53.15, 0, 270],
		[24, "C10_2", -1355, 1180.63, "T", "SMD", "GND", "GND", "R", 55.51, 53.15, 0, 270],
		[25, "C11_1", -1987.73, 1285.27, "T", "SMD", "+5V", "", "R", 55.51, 53.15, 0, 180],
		[26, "C11_2", -2066.47, 1285.27, "T", "SMD", "GND", "GND", "R", 55.51, 53.15, 0, 180],
		[27, "C12_1", -1177.98, -227.37, "T", "SMD", "$2N1341", "", "R", 31.11, 21.26, 0, 0],
		[28, "C12_2", -1135.06, -227.37, "T", "SMD", "GND", "GND", "R", 31.11, 21.26, 0, 0],
		[29, "C13_1", -1046.52, -100.91, "T", "SMD", "$2N1336", "", "R", 31.11, 21.26, 0, 270],
		[30, "C13_2", -1046.52, -143.83, "T", "SMD", "GND", "GND", "R", 31.11, 21.26, 0, 270],
		[31, "C14_1", -1230, 841.46, "T", "SMD", "GND", "GND", "R", 31.11, 21.26, 0, 270],
		[32, "C14_2", -1230, 798.54, "T", "SMD", "3V3", "", "R", 31.11, 21.26, 0, 270],
		[33, "C15_1", -1416.46, 440, "T", "SMD", "GND", "GND", "R", 31.11, 21.26, 0, 0],
		[34, "C15_2", -1373.54, 440, "T", "SMD", "3V3", "", "R", 31.11, 21.26, 0, 0],
		[35, "C16_1", -868.54, 475, "T", "SMD", "GND", "GND", "R", 31.11, 21.26, 0, 180],
		[36, "C16_2", -911.46, 475, "T", "SMD", "3V3", "", "R", 31.11, 21.26, 0, 180],
		[37, "C17_1", -838.54, 280, "T", "SMD", "GND", "GND", "R", 31.11, 21.26, 0, 180],
		[38, "C17_2", -881.46, 280, "T", "SMD", "3V3", "", "R", 31.11, 21.26, 0, 180],
		[39, "C18_1", -995, -56.46, "T", "SMD", "GND", "GND", "R", 31.11, 21.26, 0, 90],
		[40, "C18_2", -995, -13.54, "T", "SMD", "3V3", "", "R", 31.11, 21.26, 0, 90],
		[41, "C19_1", -848.54, 420, "T", "SMD", "GND", "GND", "R", 31.11, 21.26, 0, 180],
		[42, "C19_2", -891.46, 420, "T", "SMD", "3V3", "", "R", 31.11, 21.26, 0, 180],
		[43, "C20_1", -1416.46, 290, "T", "SMD", "GND", "GND", "R", 31.11, 21.26, 0, 0],
		[44, "C20_2", -1373.54, 290, "T", "SMD", "3V3", "", "R", 31.11, 21.26, 0, 0],
		[45, "C21_1", -1070, 656.46, "T", "SMD", "GND", "GND", "R", 31.11, 21.26, 0, 270],
		[46, "C21_2", -1070, 613.54, "T", "SMD", "3V3", "", "R", 31.11, 21.26, 0, 270],
		[47, "C22_1", -961.46, 525, "T", "SMD", "3V3", "", "R", 31.11, 21.26, 0, 0],
		[48, "C22_2", -918.54, 525, "T", "SMD", "GND", "GND", "R", 31.11, 21.26, 0, 0],
		[49, "C23_1", -961.46, 570, "T", "SMD", "1V1", "", "R", 31.11, 21.26, 0, 0],
		[50, "C23_2", -918.54, 570, "T", "SMD", "GND", "GND", "R", 31.11, 21.26, 0, 0],
		[51, "C24_1", -1115, 731.46, "T", "SMD", "GND", "GND", "R", 31.11, 21.26, 0, 270],
		[52, "C24_2", -1115, 688.54, "T", "SMD", "1V1", "", "R", 31.11, 21.26, 0, 270],
		[53, "C25_1", -945, -56.46, "T", "SMD", "GND", "GND", "R", 31.11, 21.26, 0, 90],
		[54, "C25_2", -945, -13.54, "T", "SMD", "1V1", "", "R", 31.11, 21.26, 0, 90],
		[55, "H1_1", -1881.09, -1859.9, "T", "DIP", "$4N525", "", "R", 66.93, 66.93, 43.31, 0],
		[56, "H1_1", -1881.09, -1859.9, "B", "DIP", "$4N525", "", "R", 66.93, 66.93, 43.31, 0],
		[57, "H1_2", -1781.09, -1859.9, "T", "DIP", "$4N518", "", "C", 66.93, 66.93, 43.31, 0],
		[58, "H1_2", -1781.09, -1859.9, "B", "DIP", "$4N518", "", "C", 66.93, 66.93, 43.31, 0],
		[59, "H1_3", -1681.09, -1859.9, "T", "DIP", "GND", "GND", "C", 66.93, 66.93, 43.31, 0],
		[60, "H1_3", -1681.09, -1859.9, "B", "DIP", "GND", "GND", "C", 66.93, 66.93, 43.31, 0],
		[61, "H1_4", -1581.09, -1859.9, "T", "DIP", "$4N387", "", "C", 66.93, 66.93, 43.31, 0],
		[62, "H1_4", -1581.09, -1859.9, "B", "DIP", "$4N387", "", "C", 66.93, 66.93, 43.31, 0],
		[63, "H2_1", -2105, 1505, "T", "DIP", "GND", "GND", "R", 70.87, 70.87, 39.37, 90],
		[64, "H2_1", -2105, 1505, "B", "DIP", "GND", "GND", "R", 70.87, 70.87, 39.37, 90],
		[65, "H2_2", -2105, 1605, "T", "DIP", "VBAT", "", "C", 70.87, 70.87, 39.37, 90],
		[66, "H2_2", -2105, 1605, "B", "DIP", "VBAT", "", "C", 70.87, 70.87, 39.37, 90],
		[67, "H3_1", -1366.52, 877.63, "T", "DIP", "GND", "GND", "R", 70.87, 70.87, 39.37, 180],
		[68, "H3_1", -1366.52, 877.63, "B", "DIP", "GND", "GND", "R", 70.87, 70.87, 39.37, 180],
		[69, "H3_2", -1466.52, 877.63, "T", "DIP", "$2N1749", "", "C", 70.87, 70.87, 39.37, 180],
		[70, "H3_2", -1466.52, 877.63, "B", "DIP", "$2N1749", "", "C", 70.87, 70.87, 39.37, 180],
		[71, "H4_1", -1650, 320, "T", "DIP", "UART_RX", "", "R", 66.93, 66.93, 43.31, 90],
		[72, "H4_1", -1650, 320, "B", "DIP", "UART_RX", "", "R", 66.93, 66.93, 43.31, 90],
		[73, "H4_2", -1650, 420, "T", "DIP", "GND", "GND", "C", 66.93, 66.93, 43.31, 90],
		[74, "H4_2", -1650, 420, "B", "DIP", "GND", "GND", "C", 66.93, 66.93, 43.31, 90],
		[75, "H4_3", -1650, 520, "T", "DIP", "UART_TX", "", "C", 66.93, 66.93, 43.31, 90],
		[76, "H4_3", -1650, 520, "B", "DIP", "UART_TX", "", "C", 66.93, 66.93, 43.31, 90],
		[77, "H5_1", -1050, -285, "T", "DIP", "RP_SWCLK", "", "R", 66.93, 66.93, 43.31, 0],
		[78, "H5_1", -1050, -285, "B", "DIP", "RP_SWCLK", "", "R", 66.93, 66.93, 43.31, 0],
		[79, "H5_2", -950, -285, "T", "DIP", "GND", "GND", "C", 66.93, 66.93, 43.31, 0],
		[80, "H5_2", -950, -285, "B", "DIP", "GND", "GND", "C", 66.93, 66.93, 43.31, 0],
		[81, "H5_3", -850, -285, "T", "DIP", "RP_SWD", "", "C", 66.93, 66.93, 43.31, 0],
		[82, "H5_3", -850, -285, "B", "DIP", "RP_SWD", "", "C", 66.93, 66.93, 43.31, 0],
		[83, "H6_1", -1020, -405, "T", "DIP", "GND", "GND", "R", 70.87, 70.87, 39.37, 0],
		[84, "H6_1", -1020, -405, "B", "DIP", "GND", "GND", "R", 70.87, 70.87, 39.37, 0],
		[85, "H6_2", -920, -405, "T", "DIP", "RESET", "", "C", 70.87, 70.87, 39.37, 0],
		[86, "H6_2", -920, -405, "B", "DIP", "RESET", "", "C", 70.87, 70.87, 39.37, 0],
		[87, "L1_1", -1416.69, -2011.2, "T", "SMD", "$4N387", "", "R", 31.5, 34.02, 0, 0],
		[88, "L1_2", -1471.8, -2011.2, "T", "SMD", "$4N408", "", "R", 31.5, 34.02, 0, 0],
		[89, "L2_1", -1370, 1421.96, "T", "SMD", "$3N1650", "", "R", 44.59, 54.21, 0, 90],
		[90, "L2_2", -1370, 1498.04, "T", "SMD", "$3N1654", "", "R", 44.59, 54.21, 0, 90],
		[91, "L3_1", -1761.02, 1220, "T", "SMD", "$3N2075", "", "R", 74.8, 177.16, 0, 0],
		[92, "L3_2", -1638.98, 1220, "T", "SMD", "$3N2077", "", "R", 74.8, 177.16, 0, 0],
		[93, "LED1_1", -92.52, 2064.97, "T", "SMD", "+5V", "", "R", 62.99, 47.24, 0, 0],
		[94, "LED1_2", -92.52, 1935.04, "T", "SMD", "LED1_2", "", "R", 62.99, 47.24, 0, 0],
		[95, "LED1_3", 92.52, 1935.04, "T", "SMD", "GND", "GND", "R", 62.99, 47.24, 0, 0],
		[96, "LED1_4", 92.52, 2064.97, "T", "SMD", "$1N2063", "", "R", 62.99, 47.24, 0, 0],
		[97, "LED2_1", 907.48, 1797.02, "T", "SMD", "+5V", "", "R", 62.99, 47.24, 0, 0],
		[98, "LED2_2", 907.48, 1667.09, "T", "SMD", "$1N2063", "", "R", 62.99, 47.24, 0, 0],
		[99, "LED2_3", 1092.52, 1667.09, "T", "SMD", "GND", "GND", "R", 62.99, 47.24, 0, 0],
		[100, "LED2_4", 1092.52, 1797.02, "T", "SMD", "$1N2145", "", "R", 62.99, 47.24, 0, 0],
		[101, "LED3_1", 1824.57, 935.04, "T", "SMD", "+5V", "", "R", 62.99, 47.24, 0, 180],
		[102, "LED3_2", 1824.57, 1064.96, "T", "SMD", "$1N2145", "", "R", 62.99, 47.24, 0, 180],
		[103, "LED3_3", 1639.53, 1064.96, "T", "SMD", "GND", "GND", "R", 62.99, 47.24, 0, 180],
		[104, "LED3_4", 1639.53, 935.04, "T", "SMD", "$1N2139", "", "R", 62.99, 47.24, 0, 180],
		[105, "LED4_1", 2092.52, -64.97, "T", "SMD", "+5V", "", "R", 62.99, 47.24, 0, 180],
		[106, "LED4_2", 2092.52, 64.96, "T", "SMD", "$1N2139", "", "R", 62.99, 47.24, 0, 180],
		[107, "LED4_3", 1907.48, 64.97, "T", "SMD", "GND", "GND", "R", 62.99, 47.24, 0, 180],
		[108, "LED4_4", 1907.48, -64.96, "T", "SMD", "$1N2463", "", "R", 62.99, 47.24, 0, 180],
		[109, "LED5_1", 1824.57, -1064.96, "T", "SMD", "+5V", "", "R", 62.99, 47.24, 0, 180],
		[110, "LED5_2", 1824.57, -935.04, "T", "SMD", "$1N2463", "", "R", 62.99, 47.24, 0, 180],
		[111, "LED5_3", 1639.53, -935.04, "T", "SMD", "GND", "GND", "R", 62.99, 47.24, 0, 180],
		[112, "LED5_4", 1639.53, -1064.96, "T", "SMD", "$1N2293", "", "R", 62.99, 47.24, 0, 180],
		[113, "LED6_1", 1092.52, -1797.02, "T", "SMD", "+5V", "", "R", 62.99, 47.24, 0, 180],
		[114, "LED6_2", 1092.52, -1667.09, "T", "SMD", "$1N2293", "", "R", 62.99, 47.24, 0, 180],
		[115, "LED6_3", 907.48, -1667.09, "T", "SMD", "GND", "GND", "R", 62.99, 47.24, 0, 180],
		[116, "LED6_4", 907.48, -1797.02, "T", "SMD", "$1N2301", "", "R", 62.99, 47.24, 0, 180],
		[117, "LED7_1", 92.52, -2064.97, "T", "SMD", "+5V", "", "R", 62.99, 47.24, 0, 180],
		[118, "LED7_2", 92.52, -1935.04, "T", "SMD", "$1N2301", "", "R", 62.99, 47.24, 0, 180],
		[119, "LED7_3", -92.52, -1935.04, "T", "SMD", "GND", "GND", "R", 62.99, 47.24, 0, 180],
		[120, "LED7_4", -92.52, -2064.97, "T", "SMD", "$1N2297", "", "R", 62.99, 47.24, 0, 180],
		[121, "LED8_1", -907.48, -1797.02, "T", "SMD", "+5V", "", "R", 62.99, 47.24, 0, 180],
		[122, "LED8_2", -907.48, -1667.09, "T", "SMD", "$1N2297", "", "R", 62.99, 47.24, 0, 180],
		[123, "LED8_3", -1092.52, -1667.09, "T", "SMD", "GND", "GND", "R", 62.99, 47.24, 0, 180],
		[124, "LED8_4", -1092.52, -1797.02, "T", "SMD", "$1N2469", "", "R", 62.99, 47.24, 0, 180],
		[125, "LED9_1", -1824.57, -935.04, "T", "SMD", "+5V", "", "R", 62.99, 47.24, 0, 0],
		[126, "LED9_2", -1824.57, -1064.96, "T", "SMD", "$1N2469", "", "R", 62.99, 47.24, 0, 0],
		[127, "LED9_3", -1639.53, -1064.96, "T", "SMD", "GND", "GND", "R", 62.99, 47.24, 0, 0],
		[128, "LED9_4", -1639.53, -935.04, "T", "SMD", "$1N2449", "", "R", 62.99, 47.24, 0, 0],
		[129, "LED10_1", -2092.52, 64.97, "T", "SMD", "+5V", "", "R", 62.99, 47.24, 0, 0],
		[130, "LED10_2", -2092.52, -64.97, "T", "SMD", "$1N2449", "", "R", 62.99, 47.24, 0, 0],
		[131, "LED10_3", -1907.48, -64.97, "T", "SMD", "GND", "GND", "R", 62.99, 47.24, 0, 0],
		[132, "LED10_4", -1907.48, 64.97, "T", "SMD", "$1N2457", "", "R", 62.99, 47.24, 0, 0],
		[133, "LED11_1", -1824.57, 1064.96, "T", "SMD", "+5V", "", "R", 62.99, 47.24, 0, 0],
		[134, "LED11_2", -1824.57, 935.04, "T", "SMD", "$1N2457", "", "R", 62.99, 47.24, 0, 0],
		[135, "LED11_3", -1639.53, 935.04, "T", "SMD", "GND", "GND", "R", 62.99, 47.24, 0, 0],
		[136, "LED11_4", -1639.53, 1064.96, "T", "SMD", "$1N2453", "", "R", 62.99, 47.24, 0, 0],
		[137, "LED12_1", -1092.52, 1797.02, "T", "SMD", "+5V", "", "R", 62.99, 47.24, 0, 0],
		[138, "LED12_2", -1092.52, 1667.09, "T", "SMD", "$1N2453", "", "R", 62.99, 47.24, 0, 0],
		[139, "LED12_3", -907.48, 1667.09, "T", "SMD", "GND", "GND", "R", 62.99, 47.24, 0, 0],
		[140, "LED12_4", -907.48, 1797.02, "T", "SMD", "LED_DATA", "", "R", 62.99, 47.24, 0, 0],
		[141, "LED14_1", -2060.43, 1205.27, "T", "SMD", "$3N3460", "", "R", 31.5, 27.56, 0, 90],
		[142, "LED14_2", -1993.77, 1205.27, "T", "SMD", "+5V", "", "R", 31.5, 27.56, 0, 90],
		[143, "LED15_1", -1235, 1381.67, "T", "SMD", "$3N3570", "", "R", 31.5, 27.56, 0, 180],
		[144, "LED15_2", -1235, 1448.33, "T", "SMD", "3V3", "", "R", 31.5, 27.56, 0, 180],
		[145, "LED16_1", 1213.33, -2305, "T", "SMD", "$2N4132", "", "R", 31.5, 27.56, 0, 270],
		[146, "LED16_2", 1146.67, -2305, "T", "SMD", "$2N4619", "", "R", 31.5, 27.56, 0, 270],
		[147, "OLED1_1", -150, -2300, "T", "DIP", "GND", "GND", "C", 62.99, 62.99, 39.37, 0],
		[148, "OLED1_1", -150, -2300, "B", "DIP", "GND", "GND", "C", 62.99, 62.99, 39.37, 0],
		[149, "OLED1_2", -50, -2300, "T", "DIP", "3V3", "", "C", 62.99, 62.99, 39.37, 0],
		[150, "OLED1_2", -50, -2300, "B", "DIP", "3V3", "", "C", 62.99, 62.99, 39.37, 0],
		[151, "OLED1_3", 50, -2300, "T", "DIP", "OLED_SCL", "", "C", 62.99, 62.99, 39.37, 0],
		[152, "OLED1_3", 50, -2300, "B", "DIP", "OLED_SCL", "", "C", 62.99, 62.99, 39.37, 0],
		[153, "OLED1_4", 150, -2300, "T", "DIP", "OLED_SDA", "", "C", 62.99, 62.99, 39.37, 0],
		[154, "OLED1_4", 150, -2300, "B", "DIP", "OLED_SDA", "", "C", 62.99, 62.99, 39.37, 0],
		[155, "Q1_1", -1563.49, -2124.27, "T", "SMD", "$4N1097", "", "R", 49.21, 27.56, 0, 270],
		[156, "Q1_2", -1488.69, -2124.27, "T", "SMD", "3V3", "", "R", 49.21, 27.56, 0, 270],
		[157, "Q1_3", -1526.09, -2045.53, "T", "SMD", "$4N408", "", "R", 49.21, 27.56, 0, 270],
		[158, "R1_1", -1945, 1820.34, "T", "SMD", "GND", "GND", "R", 31.75, 34.02, 0, 90],
		[159, "R1_2", -1945, 1879.66, "T", "SMD", "$3N482", "", "R", 31.75, 34.02, 0, 90],
		[160, "R2_1", -1765, 1780.34, "T", "SMD", "GND", "GND", "R", 31.75, 34.02, 0, 90],
		[161, "R2_2", -1765, 1839.66, "T", "SMD", "$3N500", "", "R", 31.75, 34.02, 0, 90],
		[162, "R3_1", 870, -2569.66, "T", "SMD", "ENC_A", "", "R", 31.75, 34.02, 0, 90],
		[163, "R3_2", 870, -2510.34, "T", "SMD", "3V3", "", "R", 31.75, 34.02, 0, 90],
		[164, "R4_1", 1094.66, -2425, "T", "SMD", "ENC_SW", "", "R", 31.75, 34.02, 0, 180],
		[165, "R4_2", 1035.34, -2425, "T", "SMD", "3V3", "", "R", 31.75, 34.02, 0, 180],
		[166, "R5_1", 1475, -2570.34, "T", "SMD", "ENC_B", "", "R", 31.75, 34.02, 0, 270],
		[167, "R5_2", 1475, -2629.66, "T", "SMD", "3V3", "", "R", 31.75, 34.02, 0, 270],
		[168, "R6_1", -1931.09, -1955.24, "T", "SMD", "$4N518", "", "R", 31.75, 34.02, 0, 270],
		[169, "R6_2", -1931.09, -2014.56, "T", "SMD", "$4N513", "", "R", 31.75, 34.02, 0, 270],
		[170, "R7_1", -1991.09, -1955.24, "T", "SMD", "$4N525", "", "R", 31.75, 34.02, 0, 270],
		[171, "R7_2", -1991.09, -2014.56, "T", "SMD", "$4N509", "", "R", 31.75, 34.02, 0, 270],
		[172, "R8_1", -1700.75, -2064.9, "T", "SMD", "$4N604", "", "R", 31.75, 34.02, 0, 0],
		[173, "R8_2", -1641.43, -2064.9, "T", "SMD", "$4N408", "", "R", 31.75, 34.02, 0, 0],
		[174, "R9_1", -1641.43, -1989.9, "T", "SMD", "GND", "GND", "R", 31.75, 34.02, 0, 180],
		[175, "R9_2", -1700.75, -1989.9, "T", "SMD", "$4N604", "", "R", 31.75, 34.02, 0, 180],
		[176, "R10_1", -1670.75, -2539.9, "T", "SMD", "$4N934", "", "R", 31.75, 34.02, 0, 0],
		[177, "R10_2", -1611.43, -2539.9, "T", "SMD", "3V3", "", "R", 31.75, 34.02, 0, 0],
		[178, "R11_1", -1703.13, -2474.9, "T", "SMD", "GND", "GND", "R", 22.27, 21.26, 0, 0],
		[179, "R11_2", -1669.05, -2474.9, "T", "SMD", "$4N934", "", "R", 22.27, 21.26, 0, 0],
		[180, "R12_1", -960, 662.96, "T", "SMD", "$2N848", "", "R", 22.27, 21.26, 0, 90],
		[181, "R12_2", -960, 697.04, "T", "SMD", "USB_DP", "", "R", 22.27, 21.26, 0, 90],
		[182, "R13_1", -920, 662.96, "T", "SMD", "$2N853", "", "R", 22.27, 21.26, 0, 90],
		[183, "R13_2", -920, 697.04, "T", "SMD", "USB_DM", "", "R", 22.27, 21.26, 0, 90],
		[184, "R14_1", -1430, 1329.66, "T", "SMD", "$3N1562", "", "R", 31.75, 34.02, 0, 270],
		[185, "R14_2", -1430, 1270.34, "T", "SMD", "$3N1315", "", "R", 31.75, 34.02, 0, 270],
		[186, "R15_1", -1490, 1270.34, "T", "SMD", "$3N1315", "", "R", 31.75, 34.02, 0, 90],
		[187, "R15_2", -1490, 1329.66, "T", "SMD", "GND", "GND", "R", 31.75, 34.02, 0, 90],
		[188, "R16_1", -2050.34, 1855, "T", "SMD", "PWR_SOURCE", "", "R", 31.75, 34.02, 0, 180],
		[189, "R16_2", -2109.66, 1855, "T", "SMD", "VBUS", "", "R", 31.75, 34.02, 0, 180],
		[190, "R17_1", -1917.44, 1360.27, "T", "SMD", "$3N2068", "", "R", 31.75, 34.02, 0, 180],
		[191, "R17_2", -1976.76, 1360.27, "T", "SMD", "$3N2042", "", "R", 31.75, 34.02, 0, 180],
		[192, "R18_1", -1976.76, 1420.27, "T", "SMD", "$3N2042", "", "R", 31.75, 34.02, 0, 0],
		[193, "R18_2", -1917.44, 1420.27, "T", "SMD", "GND", "GND", "R", 31.75, 34.02, 0, 0],
		[194, "R19_1", -1660, 1624.66, "T", "SMD", "GND", "GND", "R", 31.75, 34.02, 0, 270],
		[195, "R19_2", -1660, 1565.34, "T", "SMD", "PWR_PS", "", "R", 31.75, 34.02, 0, 270],
		[196, "R20_1", -2049.77, 1716.85, "T", "SMD", "VBAT_MON", "", "R", 44.59, 54.21, 0, 180],
		[197, "R20_2", -2128.51, 1716.85, "T", "SMD", "VBAT", "", "R", 44.59, 54.21, 0, 180],
		[198, "R21_1", -2108.85, 1786.8, "T", "SMD", "GND", "GND", "R", 31.75, 34.02, 0, 0],
		[199, "R21_2", -2049.53, 1786.8, "T", "SMD", "VBAT_MON", "", "R", 31.75, 34.02, 0, 0],
		[200, "R22_1", -1610.63, 1888.48, "T", "SMD", "VBUS_MON", "", "R", 44.59, 54.21, 0, 180],
		[201, "R22_2", -1689.37, 1888.48, "T", "SMD", "VBUS", "", "R", 44.59, 54.21, 0, 180],
		[202, "R23_1", -1669.66, 1815, "T", "SMD", "GND", "GND", "R", 31.75, 34.02, 0, 0],
		[203, "R23_2", -1610.34, 1815, "T", "SMD", "VBUS_MON", "", "R", 31.75, 34.02, 0, 0],
		[204, "R25_1", -1400, -230.34, "T", "SMD", "RTC_1HZ_INT", "", "R", 31.75, 34.02, 0, 270],
		[205, "R25_2", -1400, -289.66, "T", "SMD", "3V3", "", "R", 31.75, 34.02, 0, 270],
		[206, "R26_1", -1560.34, 75, "T", "SMD", "RTC_SCL", "", "R", 31.75, 34.02, 0, 180],
		[207, "R26_2", -1619.66, 75, "T", "SMD", "3V3", "", "R", 31.75, 34.02, 0, 180],
		[208, "R27_1", -1560.34, 155, "T", "SMD", "RTC_SDA", "", "R", 31.75, 34.02, 0, 180],
		[209, "R27_2", -1619.66, 155, "T", "SMD", "3V3", "", "R", 31.75, 34.02, 0, 180],
		[210, "R28_1", 150.34, -2185, "T", "SMD", "OLED_SDA", "", "R", 31.75, 34.02, 0, 0],
		[211, "R28_2", 209.66, -2185, "T", "SMD", "3V3", "", "R", 31.75, 34.02, 0, 0],
		[212, "R29_1", 49.66, -2185, "T", "SMD", "OLED_SCL", "", "R", 31.75, 34.02, 0, 180],
		[213, "R29_2", -9.66, -2185, "T", "SMD", "3V3", "", "R", 31.75, 34.02, 0, 180],
		[214, "R30_1", -2102.1, 1217.31, "T", "SMD", "GND", "GND", "R", 22.27, 21.26, 0, 270],
		[215, "R30_2", -2102.1, 1183.23, "T", "SMD", "$3N3460", "", "R", 22.27, 21.26, 0, 270],
		[216, "R31_1", -1282.04, 1270, "T", "SMD", "GND", "GND", "R", 22.27, 21.26, 0, 0],
		[217, "R31_2", -1247.96, 1270, "T", "SMD", "$3N3570", "", "R", 22.27, 21.26, 0, 0],
		[218, "R32_1", -1046.52, -49.41, "T", "SMD", "$2N1336", "", "R", 22.27, 21.26, 0, 90],
		[219, "R32_2", -1046.52, -15.33, "T", "SMD", "$2N1332", "", "R", 22.27, 21.26, 0, 90],
		[220, "R33_1", -1327.04, 795, "T", "SMD", "FLASH_SS", "", "R", 22.27, 21.26, 0, 0],
		[221, "R33_2", -1292.96, 795, "T", "SMD", "3V3", "", "R", 22.27, 21.26, 0, 0],
		[222, "R34_1", -1503.56, 787.63, "T", "SMD", "FLASH_SS", "", "R", 22.27, 21.26, 0, 0],
		[223, "R34_2", -1469.48, 787.63, "T", "SMD", "$2N1749", "", "R", 22.27, 21.26, 0, 0],
		[224, "R35_1", 1215, -2217.96, "T", "SMD", "GND", "GND", "R", 22.27, 21.26, 0, 270],
		[225, "R35_2", 1215, -2252.04, "T", "SMD", "$2N4132", "", "R", 22.27, 21.26, 0, 270],
		[226, "SCREW1_1", -2112.5, -3112.5, "T", "DIP", "SCREW1_1", "", "C", 126, 126, 126, 0],
		[227, "SCREW1_1", -2112.5, -3112.5, "B", "DIP", "SCREW1_1", "", "C", 126, 126, 126, 0],
		[228, "SCREW2_1", 2107.5, 2107.5, "T", "DIP", "SCREW2_1", "", "C", 126, 126, 126, 0],
		[229, "SCREW2_1", 2107.5, 2107.5, "B", "DIP", "SCREW2_1", "", "C", 126, 126, 126, 0],
		[230, "SCREW3_1", 2107.5, -3112.5, "T", "DIP", "SCREW3_1", "", "C", 126, 126, 126, 0],
		[231, "SCREW3_1", 2107.5, -3112.5, "B", "DIP", "SCREW3_1", "", "C", 126, 126, 126, 0],
		[232, "SW1_6", 957.12, -2733.15, "T", "DIP", "GND", "GND", "O", 114.17, 125.98, 90.55, 0],
		[233, "SW1_6", 957.12, -2733.15, "B", "DIP", "GND", "GND", "O", 114.17, 125.98, 90.55, 0],
		[234, "SW1_7", 1400.03, -2733.15, "T", "DIP", "GND", "GND", "O", 114.17, 125.98, 90.55, 0],
		[235, "SW1_7", 1400.03, -2733.15, "B", "DIP", "GND", "GND", "O", 114.17, 125.98, 90.55, 0],
		[236, "SW1_A", 960.08, -2569.75, "T", "DIP", "ENC_A", "", "C", 66.93, 66.93, 41.34, 0],
		[237, "SW1_A", 960.08, -2569.75, "B", "DIP", "ENC_A", "", "C", 66.93, 66.93, 41.34, 0],
		[238, "SW1_B", 1397.08, -2569.75, "T", "DIP", "ENC_B", "", "C", 66.93, 66.93, 41.34, 0],
		[239, "SW1_B", 1397.08, -2569.75, "B", "DIP", "ENC_B", "", "C", 66.93, 66.93, 41.34, 0],
		[240, "SW1_C", 960.08, -2896.55, "T", "DIP", "GND", "GND", "C", 66.93, 66.93, 41.34, 0],
		[241, "SW1_C", 960.08, -2896.55, "B", "DIP", "GND", "GND", "C", 66.93, 66.93, 41.34, 0],
		[242, "SW1_D", 1412.88, -2868.98, "T", "DIP", "GND", "GND", "C", 66.93, 66.93, 41.34, 0],
		[243, "SW1_D", 1412.88, -2868.98, "B", "DIP", "GND", "GND", "C", 66.93, 66.93, 41.34, 0],
		[244, "SW1_E", 1178.58, -2463.45, "T", "DIP", "ENC_SW", "", "C", 66.93, 66.93, 41.34, 0],
		[245, "SW1_E", 1178.58, -2463.45, "B", "DIP", "ENC_SW", "", "C", 66.93, 66.93, 41.34, 0],
		[246, "U1_1", -1231.29, 430, "T", "SMD", "3V3", "", "R", 43.31, 7.87, 0, 0],
		[247, "U1_2", -1231.29, 414.24, "T", "SMD", "UART_TX", "", "R", 43.31, 7.87, 0, 0],
		[248, "U1_3", -1231.29, 398.5, "T", "SMD", "UART_RX", "", "R", 43.31, 7.87, 0, 0],
		[249, "U1_4", -1231.29, 382.74, "T", "SMD", "RTC_SDA", "", "R", 43.31, 7.87, 0, 0],
		[250, "U1_5", -1231.29, 367, "T", "SMD", "RTC_SCL", "", "R", 43.31, 7.87, 0, 0],
		[251, "U1_6", -1231.29, 351.25, "T", "SMD", "$2N4619", "", "R", 43.31, 7.87, 0, 0],
		[252, "U1_7", -1231.29, 335.5, "T", "SMD", "U1_7", "", "R", 43.31, 7.87, 0, 0],
		[253, "U1_8", -1231.29, 319.75, "T", "SMD", "U1_8", "", "R", 43.31, 7.87, 0, 0],
		[254, "U1_9", -1231.29, 304, "T", "SMD", "U1_9", "", "R", 43.31, 7.87, 0, 0],
		[255, "U1_10", -1231.29, 288.26, "T", "SMD", "3V3", "", "R", 43.31, 7.87, 0, 0],
		[256, "U1_11", -1231.29, 272.51, "T", "SMD", "U1_11", "", "R", 43.31, 7.87, 0, 0],
		[257, "U1_12", -1231.29, 256.76, "T", "SMD", "U1_12", "", "R", 43.31, 7.87, 0, 0],
		[258, "U1_13", -1231.29, 241.01, "T", "SMD", "U1_13", "", "R", 43.31, 7.87, 0, 0],
		[259, "U1_14", -1231.29, 225.26, "T", "SMD", "U1_14", "", "R", 43.31, 7.87, 0, 0],
		[260, "U1_15", -1193.88, 187.87, "T", "SMD", "U1_15", "", "R", 43.31, 7.87, 0, 90],
		[261, "U1_16", -1178.14, 187.87, "T", "SMD", "PWR_SOURCE", "", "R", 43.31, 7.87, 0, 90],
		[262, "U1_17", -1162.39, 187.87, "T", "SMD", "PWR_PS", "", "R", 43.31, 7.87, 0, 90],
		[263, "U1_18", -1146.64, 187.87, "T", "SMD", "LED_PS_EN", "", "R", 43.31, 7.87, 0, 90],
		[264, "U1_19", -1130.89, 187.87, "T", "SMD", "GND", "GND", "R", 43.31, 7.87, 0, 90],
		[265, "U1_20", -1115.14, 187.87, "T", "SMD", "$2N1341", "", "R", 43.31, 7.87, 0, 90],
		[266, "U1_21", -1099.4, 187.87, "T", "SMD", "$2N1332", "", "R", 43.31, 7.87, 0, 90],
		[267, "U1_22", -1083.65, 187.87, "T", "SMD", "3V3", "", "R", 43.31, 7.87, 0, 90],
		[268, "U1_23", -1067.9, 187.87, "T", "SMD", "1V1", "", "R", 43.31, 7.87, 0, 90],
		[269, "U1_24", -1052.15, 187.87, "T", "SMD", "RP_SWCLK", "", "R", 43.31, 7.87, 0, 90],
		[270, "U1_25", -1036.4, 187.87, "T", "SMD", "RP_SWD", "", "R", 43.31, 7.87, 0, 90],
		[271, "U1_26", -1020.66, 187.87, "T", "SMD", "RESET", "", "R", 43.31, 7.87, 0, 90],
		[272, "U1_27", -1004.91, 187.87, "T", "SMD", "LOADCELL_CLK", "", "R", 43.31, 7.87, 0, 90],
		[273, "U1_28", -989.16, 187.87, "T", "SMD", "LOADCELL_DATA", "", "R", 43.31, 7.87, 0, 90],
		[274, "U1_29", -951.75, 225.26, "T", "SMD", "LED_DATA", "", "R", 43.31, 7.87, 0, 180],
		[275, "U1_30", -951.75, 241.01, "T", "SMD", "U1_30", "", "R", 43.31, 7.87, 0, 180],
		[276, "U1_31", -951.75, 256.76, "T", "SMD", "OLED_SDA", "", "R", 43.31, 7.87, 0, 180],
		[277, "U1_32", -951.75, 272.51, "T", "SMD", "OLED_SCL", "", "R", 43.31, 7.87, 0, 180],
		[278, "U1_33", -951.75, 288.26, "T", "SMD", "3V3", "", "R", 43.31, 7.87, 0, 180],
		[279, "U1_34", -951.75, 304, "T", "SMD", "RTC_1HZ_INT", "", "R", 43.31, 7.87, 0, 180],
		[280, "U1_35", -951.75, 319.75, "T", "SMD", "ENC_A", "", "R", 43.31, 7.87, 0, 180],
		[281, "U1_36", -951.75, 335.5, "T", "SMD", "ENC_B", "", "R", 43.31, 7.87, 0, 180],
		[282, "U1_37", -951.75, 351.25, "T", "SMD", "ENC_SW", "", "R", 43.31, 7.87, 0, 180],
		[283, "U1_38", -951.75, 367, "T", "SMD", "VBAT_MON", "", "R", 43.31, 7.87, 0, 180],
		[284, "U1_39", -951.75, 382.74, "T", "SMD", "VBUS_MON", "", "R", 43.31, 7.87, 0, 180],
		[285, "U1_40", -951.75, 398.5, "T", "SMD", "U1_40", "", "R", 43.31, 7.87, 0, 180],
		[286, "U1_41", -951.75, 414.24, "T", "SMD", "U1_41", "", "R", 43.31, 7.87, 0, 180],
		[287, "U1_42", -951.75, 430, "T", "SMD", "3V3", "", "R", 43.31, 7.87, 0, 180],
		[288, "U1_43", -989.16, 467.39, "T", "SMD", "3V3", "", "R", 43.31, 7.87, 0, 270],
		[289, "U1_44", -1004.91, 467.39, "T", "SMD", "3V3", "", "R", 43.31, 7.87, 0, 270],
		[290, "U1_45", -1020.66, 467.39, "T", "SMD", "1V1", "", "R", 43.31, 7.87, 0, 270],
		[291, "U1_46", -1036.4, 467.39, "T", "SMD", "$2N853", "", "R", 43.31, 7.87, 0, 270],
		[292, "U1_47", -1052.15, 467.39, "T", "SMD", "$2N848", "", "R", 43.31, 7.87, 0, 270],
		[293, "U1_48", -1067.9, 467.39, "T", "SMD", "3V3", "", "R", 43.31, 7.87, 0, 270],
		[294, "U1_49", -1083.65, 467.39, "T", "SMD", "3V3", "", "R", 43.31, 7.87, 0, 270],
		[295, "U1_50", -1099.4, 467.39, "T", "SMD", "1V1", "", "R", 43.31, 7.87, 0, 270],
		[296, "U1_51", -1115.14, 467.39, "T", "SMD", "FLASH_SD3", "", "R", 43.31, 7.87, 0, 270],
		[297, "U1_52", -1130.89, 467.39, "T", "SMD", "FLASH_CLK", "", "R", 43.31, 7.87, 0, 270],
		[298, "U1_53", -1146.64, 467.39, "T", "SMD", "FLASH_SD0", "", "R", 43.31, 7.87, 0, 270],
		[299, "U1_54", -1162.39, 467.39, "T", "SMD", "FLASH_SD2", "", "R", 43.31, 7.87, 0, 270],
		[300, "U1_55", -1178.14, 467.39, "T", "SMD", "FLASH_SD1", "", "R", 43.31, 7.87, 0, 270],
		[301, "U1_56", -1193.88, 467.39, "T", "SMD", "FLASH_SS", "", "R", 43.31, 7.87, 0, 270],
		[302, "U1_57", -1091.52, 327.63, "T", "SMD", "GND", "GND", "R", 122.05, 122.05, 0, 0],
		[303, "U4_1", -1204.83, -155.84, "T", "SMD", "$2N1341", "", "R", 55.12, 47.24, 0, 0],
		[304, "U4_2", -1118.21, -155.84, "T", "SMD", "GND", "GND", "R", 55.12, 47.24, 0, 0],
		[305, "U4_3", -1118.21, -88.91, "T", "SMD", "$2N1336", "", "R", 55.12, 47.24, 0, 0],
		[306, "U4_4", -1204.83, -88.91, "T", "SMD", "GND", "GND", "R", 55.12, 47.24, 0, 0],
		[307, "U5_1", -1505.5, 732.63, "T", "SMD", "FLASH_SS", "", "O", 24.8, 88.58, 0, 270],
		[308, "U5_2", -1505.5, 682.63, "T", "SMD", "FLASH_SD1", "", "O", 24.8, 88.58, 0, 270],
		[309, "U5_3", -1505.5, 632.63, "T", "SMD", "FLASH_SD2", "", "O", 24.8, 88.58, 0, 270],
		[310, "U5_4", -1505.5, 582.63, "T", "SMD", "GND", "GND", "O", 24.8, 88.58, 0, 270],
		[311, "U5_5", -1227.54, 582.63, "T", "SMD", "FLASH_SD0", "", "O", 24.8, 88.58, 0, 270],
		[312, "U5_6", -1227.54, 632.63, "T", "SMD", "FLASH_CLK", "", "O", 24.8, 88.58, 0, 270],
		[313, "U5_7", -1227.54, 682.63, "T", "SMD", "FLASH_SD3", "", "O", 24.8, 88.58, 0, 270],
		[314, "U5_8", -1227.54, 732.63, "T", "SMD", "3V3", "", "O", 24.8, 88.58, 0, 270],
		[315, "U6_13", -2106.26, 2008.89, "T", "DIP", "GND", "GND", "O", 39.37, 70.87, 55.12, 180],
		[316, "U6_13", -2106.26, 2008.89, "B", "DIP", "GND", "GND", "O", 39.37, 70.87, 55.12, 180],
		[317, "U6_13", -2106.26, 2166.38, "T", "DIP", "GND", "GND", "O", 39.37, 94.49, 70.87, 180],
		[318, "U6_13", -2106.26, 2166.38, "B", "DIP", "GND", "GND", "O", 39.37, 94.49, 70.87, 180],
		[319, "U6_14", -1663.75, 2008.89, "T", "DIP", "GND", "GND", "O", 39.37, 70.87, 55.12, 180],
		[320, "U6_14", -1663.75, 2008.89, "B", "DIP", "GND", "GND", "O", 39.37, 70.87, 55.12, 180],
		[321, "U6_14", -1663.75, 2166.38, "T", "DIP", "GND", "GND", "O", 39.37, 94.49, 70.87, 180],
		[322, "U6_14", -1663.75, 2166.38, "B", "DIP", "GND", "GND", "O", 39.37, 94.49, 70.87, 180],
		[323, "U6_A1B12", -1759.01, 1963.63, "T", "SMD", "GND", "GND", "R", 23.62, 47.24, 0, 180],
		[324, "U6_A4B9", -1790.51, 1963.63, "T", "SMD", "VBUS", "", "R", 23.62, 47.24, 0, 180],
		[325, "U6_A5", -1835.78, 1963.63, "T", "SMD", "$3N500", "", "R", 11.81, 47.24, 0, 180],
		[326, "U6_A6", -1875.15, 1963.63, "T", "SMD", "USB_DP", "", "R", 11.81, 47.24, 0, 180],
		[327, "U6_A7", -1894.84, 1963.63, "T", "SMD", "USB_DM", "", "R", 11.81, 47.24, 0, 180],
		[328, "U6_A8", -1934.2, 1963.63, "T", "SMD", "U6_A8", "", "R", 11.81, 47.24, 0, 180],
		[329, "U6_B1A12", -2010.97, 1963.63, "T", "SMD", "GND", "GND", "R", 23.62, 47.24, 0, 180],
		[330, "U6_B4A9", -1979.48, 1963.63, "T", "SMD", "VBUS", "", "R", 23.62, 47.24, 0, 180],
		[331, "U6_B5", -1953.89, 1963.63, "T", "SMD", "$3N482", "", "R", 11.81, 47.24, 0, 180],
		[332, "U6_B6", -1914.53, 1963.63, "T", "SMD", "USB_DP", "", "R", 11.81, 47.24, 0, 180],
		[333, "U6_B7", -1855.47, 1963.63, "T", "SMD", "USB_DM", "", "R", 11.81, 47.24, 0, 180],
		[334, "U6_B8", -1816.1, 1963.63, "T", "SMD", "U6_B8", "", "R", 11.81, 47.24, 0, 180],
		[335, "U7_1", -1611.09, -2171.81, "T", "SMD", "3V3", "", "O", 22.05, 68.7, 0, 180],
		[336, "U7_2", -1661.09, -2171.81, "T", "SMD", "$4N1097", "", "O", 22.05, 68.7, 0, 180],
		[337, "U7_3", -1711.09, -2171.81, "T", "SMD", "$4N408", "", "O", 22.05, 68.7, 0, 180],
		[338, "U7_4", -1761.09, -2171.81, "T", "SMD", "$4N604", "", "O", 22.05, 68.7, 0, 180],
		[339, "U7_5", -1811.09, -2171.81, "T", "SMD", "GND", "GND", "O", 22.05, 68.7, 0, 180],
		[340, "U7_6", -1861.09, -2171.81, "T", "SMD", "$4N666", "", "O", 22.05, 68.7, 0, 180],
		[341, "U7_7", -1911.09, -2171.81, "T", "SMD", "$4N513", "", "O", 22.05, 68.7, 0, 180],
		[342, "U7_8", -1961.09, -2171.81, "T", "SMD", "$4N509", "", "O", 22.05, 68.7, 0, 180],
		[343, "U7_9", -1961.09, -2397.99, "T", "SMD", "GND", "GND", "O", 22.05, 68.7, 0, 180],
		[344, "U7_10", -1911.09, -2397.99, "T", "SMD", "GND", "GND", "O", 22.05, 68.7, 0, 180],
		[345, "U7_11", -1861.09, -2397.99, "T", "SMD", "LOADCELL_CLK", "", "O", 22.05, 68.7, 0, 180],
		[346, "U7_12", -1811.09, -2397.99, "T", "SMD", "LOADCELL_DATA", "", "O", 22.05, 68.7, 0, 180],
		[347, "U7_13", -1761.09, -2397.99, "T", "SMD", "U7_13", "", "O", 22.05, 68.7, 0, 180],
		[348, "U7_14", -1711.09, -2397.99, "T", "SMD", "GND", "GND", "O", 22.05, 68.7, 0, 180],
		[349, "U7_15", -1661.09, -2397.99, "T", "SMD", "$4N934", "", "O", 22.05, 68.7, 0, 180],
		[350, "U7_16", -1611.09, -2397.99, "T", "SMD", "3V3", "", "O", 22.05, 68.7, 0, 180],
		[351, "U8_1", -1434.59, 1400.63, "T", "SMD", "$3N1562", "", "R", 11.02, 26.18, 0, 90],
		[352, "U8_2", -1434.59, 1420.32, "T", "SMD", "$3N1650", "", "R", 11.02, 26.18, 0, 90],
		[353, "U8_3", -1434.59, 1440, "T", "SMD", "GND", "GND", "R", 11.02, 26.18, 0, 90],
		[354, "U8_4", -1434.59, 1459.69, "T", "SMD", "$3N1654", "", "R", 11.02, 26.18, 0, 90],
		[355, "U8_5", -1434.59, 1479.37, "T", "SMD", "VSRC", "", "R", 11.02, 26.18, 0, 90],
		[356, "U8_6", -1545.41, 1479.37, "T", "SMD", "VSRC", "", "R", 11.02, 26.18, 0, 90],
		[357, "U8_7", -1545.41, 1459.69, "T", "SMD", "PWR_PS", "", "R", 11.02, 26.18, 0, 90],
		[358, "U8_8", -1545.41, 1440, "T", "SMD", "VSRC", "", "R", 11.02, 26.18, 0, 90],
		[359, "U8_9", -1545.41, 1420.32, "T", "SMD", "GND", "GND", "R", 11.02, 26.18, 0, 90],
		[360, "U8_10", -1545.41, 1400.63, "T", "SMD", "$3N1315", "", "R", 11.02, 26.18, 0, 90],
		[361, "U8_11", -1490, 1440, "T", "SMD", "GND", "GND", "R", 97.44, 63.98, 0, 90],
		[362, "U9_1", -1895.47, 1750.2, "T", "SMD", "GND", "GND", "R", 11.02, 26.77, 0, 180],
		[363, "U9_2", -1915.16, 1750.2, "T", "SMD", "VSRC", "", "R", 11.02, 26.77, 0, 180],
		[364, "U9_3", -1934.84, 1750.2, "T", "SMD", "VBUS", "", "R", 11.02, 26.77, 0, 180],
		[365, "U9_4", -1954.53, 1750.2, "T", "SMD", "GND", "GND", "R", 11.02, 26.77, 0, 180],
		[366, "U9_5", -1954.53, 1699.8, "T", "SMD", "GND", "GND", "R", 11.02, 26.77, 0, 180],
		[367, "U9_6", -1934.84, 1699.8, "T", "SMD", "VBAT", "", "R", 11.02, 26.77, 0, 180],
		[368, "U9_7", -1915.16, 1699.8, "T", "SMD", "VSRC", "", "R", 11.02, 26.77, 0, 180],
		[369, "U9_8", -1895.47, 1699.8, "T", "SMD", "PWR_SOURCE", "", "R", 11.02, 26.77, 0, 180],
		[370, "U10_1", -1846.47, 1364.86, "T", "SMD", "$3N2068", "", "R", 11.02, 26.18, 0, 0],
		[371, "U10_2", -1826.78, 1364.86, "T", "SMD", "$3N2075", "", "R", 11.02, 26.18, 0, 0],
		[372, "U10_3", -1807.1, 1364.86, "T", "SMD", "GND", "GND", "R", 11.02, 26.18, 0, 0],
		[373, "U10_4", -1787.41, 1364.86, "T", "SMD", "$3N2077", "", "R", 11.02, 26.18, 0, 0],
		[374, "U10_5", -1767.73, 1364.86, "T", "SMD", "VSRC", "", "R", 11.02, 26.18, 0, 0],
		[375, "U10_6", -1767.73, 1475.68, "T", "SMD", "LED_PS_EN", "", "R", 11.02, 26.18, 0, 0],
		[376, "U10_7", -1787.41, 1475.68, "T", "SMD", "PWR_PS", "", "R", 11.02, 26.18, 0, 0],
		[377, "U10_8", -1807.1, 1475.68, "T", "SMD", "VSRC", "", "R", 11.02, 26.18, 0, 0],
		[378, "U10_9", -1826.78, 1475.68, "T", "SMD", "GND", "GND", "R", 11.02, 26.18, 0, 0],
		[379, "U10_10", -1846.47, 1475.68, "T", "SMD", "$3N2042", "", "R", 11.02, 26.18, 0, 0],
		[380, "U10_11", -1807.1, 1420.27, "T", "SMD", "GND", "GND", "R", 97.44, 63.98, 0, 0],
		[381, "U11_1", -1917.1, 1294.93, "T", "SMD", "$3N2068", "", "R", 31.75, 34.02, 0, 270],
		[382, "U11_2", -1917.1, 1235.61, "T", "SMD", "+5V", "", "R", 31.75, 34.02, 0, 270],
		[383, "U12_1", -1364.66, 1340, "T", "SMD", "$3N1562", "", "R", 31.75, 34.02, 0, 0],
		[384, "U12_2", -1305.34, 1340, "T", "SMD", "3V3", "", "R", 31.75, 34.02, 0, 0],
		[385, "U13_1", -1500, -144.15, "T", "SMD", "U13_1", "", "O", 23.15, 80.51, 0, 0],
		[386, "U13_2", -1450, -144.15, "T", "SMD", "3V3", "", "O", 23.15, 80.51, 0, 0],
		[387, "U13_3", -1400, -144.15, "T", "SMD", "RTC_1HZ_INT", "", "O", 23.15, 80.51, 0, 0],
		[388, "U13_4", -1350, -144.15, "T", "SMD", "U13_4", "", "O", 23.15, 80.51, 0, 0],
		[389, "U13_5", -1350, 74.15, "T", "SMD", "GND", "GND", "O", 23.15, 80.51, 0, 0],
		[390, "U13_6", -1400, 74.15, "T", "SMD", "$5N278", "", "O", 23.15, 80.51, 0, 0],
		[391, "U13_7", -1450, 74.15, "T", "SMD", "RTC_SDA", "", "O", 23.15, 80.51, 0, 0],
		[392, "U13_8", -1500, 74.15, "T", "SMD", "RTC_SCL", "", "O", 23.15, 80.51, 0, 0]
	]
}
}